id,drawer
Hs_11p11.2_copy_number_variation_syndrome__WP5348_20260223,drawer_001
Hs_15q11q13_copy_number_variation_WP5407_20250721,drawer_002
Hs_16p12.2_copy_number_variation_syndrome_(520kb)_WP5510_20250713,drawer_003
Hs_22q11.2_copy_number_variation_syndrome_WP4657_20260209,drawer_002
Hs_2q13_copy_number_variation_syndrome_WP5222_20260319,drawer_004
Hs_2q37_copy_number_variation_syndrome_WP5224_20250910,drawer_004
Hs_3q29_copy_number_variation_syndrome_WP4906_20250815,drawer_002
Hs_5q35_copy_number_variation_WP5380_20250913,drawer_005
Hs_ACE2_inhibition_leads_to_pulmonary_fibrosis_WP5035_20240723,drawer_006
Hs_ACE_inhibitor_pathway_WP554_20250710,drawer_007
Hs_ALA_oxylipin_metabolism_WP5136_20251030,drawer_008
Hs_Acetylcholine_synthesis_WP528_20250530,drawer_009
Hs_Aerobic_glycolysis_-_augmented_WP4628_20250923,drawer_010
Hs_Aflatoxin_B1_metabolism_WP699_20260531,drawer_011
Hs_Age-related_macular_degeneration_WP5526_20251030,drawer_012
Hs_Airway_smooth_muscle_cell_contraction_WP4962_20250714,drawer_013
Hs_Alpha_6_beta_4_signaling_WP244_20251030,drawer_014
Hs_Alstrom_syndrome_WP5202_20251108,drawer_015
Hs_Amino_acid_metabolism_in_triple-negative_breast_cancer_cells_WP5213_20260707,drawer_016
Hs_Amino_acid_metabolism_pathway_excerpt:_histidine_catabolism_extension_WP4661_20251030,drawer_017
Hs_Amyotrophic_lateral_sclerosis_(ALS)_WP2447_20250715,drawer_018
Hs_Angiogenesis_overview_WP1993_20250910,drawer_019
Hs_Angiopoietin-like_protein_8_regulatory_pathway_WP3915_20251030,drawer_020
Hs_Angiotensin_II_receptor_type_1_pathway_WP5036_20250705,drawer_006
Hs_Apoptosis_WP254_20251031,drawer_021
Hs_Apoptosis_modulation_and_signaling_WP1772_20250714,drawer_022
Hs_Arsenic_metabolism_and_reactive_oxygen_species_generation_WP5233_20250709,drawer_023
Hs_Aspirin_and_miRNAs_WP4707_20260208,drawer_024
Hs_Autophagy_in_pancreatic_ductal_adenocarcinoma_WP5331_20251031,drawer_025
Hs_Axon_guidance_WP5289_20250728,drawer_026
Hs_BDNF-TrkB_signaling_WP3676_20250706,drawer_027
Hs_BMP_signaling_in_eyelid_development_WP3927_20250311,drawer_028
Hs_Benzene_metabolism_WP3891_20251101,drawer_029
Hs_Benzo(a)pyrene_metabolism_WP696_20251101,drawer_011
Hs_Bile_acid_synthesis_and_enterohepatic_circulation__WP4389_20251101,drawer_030
Hs_Biomarkers_for_urea_cycle_disorders_WP4583_20251026,drawer_031
Hs_Biosynthesis_and_turnover_of_1-deoxy-sphingoid_bases_WP5179_20250622,drawer_032
Hs_Biotin_metabolism__including_IMDs_WP5031_20251101,drawer_033
Hs_Blood_clotting_and_drug_effects_WP4580_20251101,drawer_034
Hs_Brain-derived_neurotrophic_factor_(BDNF)_signaling_WP2380_20251102,drawer_035
Hs_Caffeine_and_theobromine_metabolism_WP3633_20251103,drawer_036
Hs_Calcium_mediated_T-cell_apoptosis_involved_in_inclusion_body_myositis_WP5142_20250731,drawer_037
Hs_Cannabinoid_receptor_signaling_WP3869_20251103,drawer_002
Hs_Cardiac_hypertrophic_response_WP2795_20250715,drawer_038
Hs_Cardiomyocyte_signaling_converging_on_titin_WP5344_20250722,drawer_039
Hs_Catabolism_of_skeletal_muscle_in_cachexia_WP5474_20251103,drawer_040
Hs_Cell_lineage_map_for_neuronal_differentiation_WP5417_20250709,drawer_041
Hs_Cerebral_organic_acidurias__including_diseases_WP4519_20251001,drawer_042
Hs_Cholestasis_WP5238_20251103,drawer_043
Hs_Cholesterol_biosynthesis_pathway_WP197_20251104,drawer_044
Hs_Cholesterol_biosynthesis_with_skeletal_dysplasias_WP4804_20251104,drawer_045
Hs_Cholesterol_synthesis_disorders_WP5193_20251104,drawer_046
Hs_Chronic_hyperglycemia_impairment_of_neuron_function_WP5283_20250721,drawer_036
Hs_Cocaine_metabolism_WP2826_20251107,drawer_016
Hs_Codeine_and_morphine_metabolism_WP1604_20251231,drawer_028
Hs_Complement_and_coagulation_cascades_WP558_20251107,drawer_047
Hs_Complement_system_in_neuronal_development_and_plasticity_WP5090_20250819,drawer_048
Hs_Congenital_generalized_lipodystrophy_WP5101_20251104,drawer_049
Hs_Creatine_pathway_WP5190_20251104,drawer_050
Hs_DNA_damage_response_(only_ATM_dependent)_WP710_20251104,drawer_051
Hs_DNA_damage_response_WP707_20251104,drawer_051
Hs_Dengue-2_interactions_with_complement_and_coagulation_cascades_WP3896_20251107,drawer_052
Hs_Deregulating_cellular_metabolism_through_non-genotoxic_carcinogens_WP5571_20250915,drawer_053
Hs_Deregulation_of_Rab_and_Rab_effector_genes_in_bladder_cancer_WP2291_20251104,drawer_054
Hs_Development_of_ureteric_derived_collecting_system_WP5053_20250726,drawer_002
Hs_Diet-dependent_trimethylamine-trimethylamine_N-oxide_metabolism__WP5219_20251120,drawer_055
Hs_Disorders_in_ketolysis_WP5195_20251111,drawer_056
Hs_Disorders_in_ketone_body_synthesis_WP5175_20251001,drawer_056
Hs_Disorders_of_fructose_metabolism_WP5178_20251112,drawer_057
Hs_Disorders_of_galactose_metabolism__WP5173_20260703,drawer_058
Hs_Disorders_of_mitochondrial_homeostatis__dynamics__protein_import__and_quality_control_WP5504_20251112,drawer_036
Hs_Dopamine_metabolism_WP2436_20250630,drawer_059
Hs_Dopaminergic_neurogenesis_WP2855_20251112,drawer_060
Hs_Dravet_syndrome_WP5200_20250808,drawer_061
Hs_EGF-EGFR_signaling_WP437_20251112,drawer_014
Hs_Effect_of_omega-3_PUFA_on_Huntington&#39;s_disease_pathways_WP5470_20251120,drawer_062
Hs_Effect_of_progerin_on_genes_involved_in_progeria_WP4320_20251120,drawer_063
Hs_Eicosanoid_metabolism_via_cytochrome_P450_monooxygenases_pathway_WP4720_20250708,drawer_033
Hs_Endochondral_ossification_WP474_20251202,drawer_064
Hs_Endochondral_ossification_with_skeletal_dysplasias_WP4808_20251121,drawer_045
Hs_Epithelial_to_mesenchymal_transition_in_colorectal_cancer_WP4239_20250720,drawer_028
Hs_Estrogen_signaling_WP712_20251121,drawer_065
Hs_Estrogen_synthesis_and_metabolism_WP5276_20260227,drawer_066
Hs_Ethanol_effects_on_histone_modifications_WP3996_20251121,drawer_002
Hs_Ethylmalonic_encephalopathy_WP5030_20250826,drawer_033
Hs_FGFR3_signaling_in_chondrocyte_proliferation_and_terminal_differentiation_WP4767_20251122,drawer_045
Hs_Factors_and_pathways_affecting_insulin-like_growth_factor_(IGF1)-Akt_signaling_WP3850_20251123,drawer_067
Hs_Familial__hyperlipidemia_type_1_WP5108_20251123,drawer_049
Hs_Familial_hyperlipidemia_type_2_WP5109_20251123,drawer_049
Hs_Familial_hyperlipidemia_type_3_WP5110_20251123,drawer_049
Hs_Familial_hyperlipidemia_type_4_WP5111_20251123,drawer_049
Hs_Familial_hyperlipidemia_type_5_WP5112_20251123,drawer_049
Hs_Familial_partial_lipodystrophy_WP5102_20251123,drawer_049
Hs_Fas_ligand_pathway_and_stress_induction_of_heat_shock_proteins_WP314_20251123,drawer_047
Hs_Fatty_acid_and_lipoprotein_transport_in_hepatocytes_WP5323_20251123,drawer_026
Hs_Fatty_acid_biosynthesis_WP357_20251123,drawer_068
Hs_Female_steroid_hormones_in_cardiomyocyte_energy_metabolism_WP5318_20250725,drawer_069
Hs_Fluoropyrimidine_activity_WP1601_20260102,drawer_067
Hs_Focal_adhesion_WP306_20250830,drawer_047
Hs_Folate-alcohol_and_cancer_pathway_hypotheses_WP1589_20251123,drawer_070
Hs_Frustrated_phagocytosis_leading_to_malignant_pleural_mesothelioma_WP5091_20251124,drawer_006
Hs_GABA_and_glutamate_signalling_in_epileptogenesis_WP5600_20260206,drawer_071
Hs_GABA_receptor_signaling_WP4159_20251020,drawer_033
Hs_GDNF-RET_signaling_axis_WP4830_20250812,drawer_002
Hs_GIP_and_GLP-1_function_by_tissue_WP5509_20251031,drawer_012
Hs_GPR143_in_melanocytes_and_retinal_pigment_epithelium_cells_WP4941_20250801,drawer_072
Hs_Gamma-glutamyl_cycle_for_the_biosynthesis_and_degradation_of_glutathione_WP4518_20251123,drawer_073
Hs_Ganglio_series_sphingolipid_metabolism_WP5299_20251123,drawer_066
Hs_Gastric_cancer_network_1_WP2361_20251123,drawer_028
Hs_Gastric_cancer_network_2_WP2363_20251123,drawer_028
Hs_Genetic_causes_of_porto-sinusoidal_vascular_disease_WP5269_20250809,drawer_002
Hs_Glucose_metabolism_in_triple-negative_breast_cancer_cells_WP5211_20251123,drawer_016
Hs_Glutathione_metabolism_WP100_20251107,drawer_047
Hs_Glycine_metabolism_WP1495_20250710,drawer_074
Hs_Glycolysis_and_gluconeogenesis_WP534_20251125,drawer_068
Hs_Glycolysis_in_senescence_WP5049_20251125,drawer_075
Hs_Glycosaminoglycan_degradation_WP4815_20251125,drawer_045
Hs_Glycosphingolipid_metabolism_WP5292_20251126,drawer_066
Hs_Glyoxylate_metabolism_WP5166_20251129,drawer_076
Hs_Growth_factors_and_hormones_in_beta_cell_proliferation_WP5385_20250709,drawer_077
Hs_HIF1A_and_PPARG_in_hypertrophic_cardiomyopathy_WP2456_20250928,drawer_078
Hs_HLA-C_allotypes_interactions_with_KIR_on_dNK_cells_WP5580_20251116,drawer_079
Hs_Hair_follicle_development:_cytodifferentiation_-_stage_3_of_3_WP2840_20251129,drawer_080
Hs_Hair_follicle_development:_organogenesis_-_stage_2_of_3_WP2839_20251129,drawer_080
Hs_Hallmark_of_cancer:_non-mutational_epigenetic_reprogramming_WP5483_20251129,drawer_081
Hs_Heart_development_WP1591_20251129,drawer_082
Hs_Heme_biosynthesis_WP561_20260131,drawer_068
Hs_Hemesynthesis_defects_and_porphyrias_WP5169_20251130,drawer_083
Hs_Hepatitis_C_and_hepatocellular_carcinoma_WP3646_20251130,drawer_028
Hs_Hereditary_leiomyomatosis_and_renal_cell_carcinoma_pathway_WP4206_20250903,drawer_028
Hs_Hippocampal_synaptogenesis_and_neurogenesis_WP5231_20250730,drawer_084
Hs_Host-pathogen_interaction_of_human_coronaviruses_-_interferon_induction_WP4880_20250823,drawer_002
Hs_IL11_signaling_WP2332_20251201,drawer_035
Hs_IL1_signaling_WP195_20251120,drawer_014
Hs_IL26_signaling_WP5347_20251201,drawer_085
Hs_IL2_signaling_WP49_20251120,drawer_014
Hs_IL3_signaling_WP286_20251201,drawer_014
Hs_IL4_signaling_WP395_20251201,drawer_014
Hs_IL5_signaling_WP127_20251201,drawer_014
Hs_IL6_signaling_WP364_20251201,drawer_014
Hs_Inclusion_body_myositis_WP5120_20251202,drawer_002
Hs_Integrated_cancer_pathway_WP1971_20250303,drawer_086
Hs_Interactions_between_LOXL4_and_oxidative_stress_pathway_WP3670_20250311,drawer_027
Hs_Interactions_of_natural_killer_cells_in_pancreatic_cancer_WP5092_20240727,drawer_087
Hs_Interactome_of_polycomb_repressive_complex_2_(PRC2)__WP2916_20250308,drawer_028
Hs_Interferon_type_I_signaling_WP585_20250227,drawer_088
Hs_Involvement_of_δ-secretase_in_neurodegenerative_diseases_WP5372_20240509,drawer_089
Hs_Irinotecan_pathway_WP229_20260212,drawer_047
Hs_Iron_metabolism_disorders_WP5172_20250815,drawer_090
Hs_Joubert_syndrome_WP4656_20250116,drawer_091
Hs_KCNQ2_and_KCNQ3-related_epilepsy_WP5599_20260102,drawer_092
Hs_Kallmann_syndrome_WP5074_20260614,drawer_093
Hs_Kennedy_pathway_from_sphingolipids_WP3933_20250311,drawer_028
Hs_Kit_receptor_signaling_WP304_20250304,drawer_014
Hs_Kleefstra_syndrome_WP5351_20240725,drawer_002
Hs_Krebs_cycle_disorders_WP4236_20250306,drawer_094
Hs_Lactate_shuttle_in_glial_cells_WP5314_20251018,drawer_095
Hs_Lacto_series_sphingolipid_metabolism_WP5303_20250719,drawer_066
Hs_Leptin_signaling_WP2034_20250306,drawer_028
Hs_Linoleic_acid_metabolism_affected_by_SARS-CoV-2_WP4853_20240211,drawer_036
Hs_Linoleic_acid_oxylipin_metabolism_WP5137_20260617,drawer_008
Hs_Lipid_metabolism_pathway_WP3965_20250307,drawer_038
Hs_LncRNA-like_NMRK2_in_translocation_renal_cell_carcinoma_WP5519_20251031,drawer_012
Hs_Lung_fibrosis_WP3624_20250311,drawer_002
Hs_MECP2_and_associated_Rett_syndrome_WP3584_20250311,drawer_002
Hs_MET_in_type_1_papillary_renal_cell_carcinoma_WP4205_20260303,drawer_028
Hs_MTHFR_deficiency_WP4288_20250725,drawer_096
Hs_Macrophage-stimulating_protein_(MSP)_signaling_WP5353_20240729,drawer_085
Hs_Malate-aspartate_shuttle_WP4315_20240728,drawer_097
Hs_Mammalian_disorder_of_sexual_development_WP4842_20241120,drawer_098
Hs_Mammary_gland_development:_embryonic_development_-_stage_1_of_4_WP2813_20250311,drawer_099
Hs_Melatonin_metabolism_and_effects_WP3298_20250311,drawer_002
Hs_Metabolism_of_alpha-linolenic_acid_WP4586_20240727,drawer_034
Hs_Metabolism_of_dichloroethylene_by_CYP450_WP3666_20250308,drawer_100
Hs_Methionine_metabolism_leading_to_sulfur_amino_acids_and_related_disorders_WP4292_20250622,drawer_101
Hs_Mevalonate_arm_of_cholesterol_biosynthesis_pathway_with_inhibitors_WP4189_20250304,drawer_033
Hs_Mevalonate_pathway_WP3963_20230202,drawer_028
Hs_Microtubule_cytoskeleton_regulation_WP2038_20250308,drawer_102
Hs_Mineralocorticoid_biosynthesis_WP5279_20240723,drawer_066
Hs_Mitochondrial_carrier_deficiency_associated_with_shuttle_disturbances_WP5507_20251001,drawer_103
Hs_Mitochondrial_complex_I_inhibition_leading_to_chemical-induced_Fanconi_syndrome_WP4944_20240327,drawer_006
Hs_Mitochondrial_complex_I_inhibition_leading_to_parkinsonian_motor_deficits_WP4945_20250309,drawer_006
Hs_Mitochondrial_complex_inhibition_leading_to_liver_injury_WP5034_20240312,drawer_006
Hs_Mitochondrial_fatty_acid_oxidation_disorders_WP5123_20250307,drawer_033
Hs_Mitochondrial_fatty_acid_synthesis_pathway_WP4317_20250904,drawer_097
Hs_Mitochondrial_immune_response_to_SARS-CoV-2_WP5038_20260322,drawer_104
Hs_Mitochondrial_long_chain_fatty_acid_beta-oxidation_WP368_20251201,drawer_105
Hs_Mitophagy_WP5636_20260531,drawer_106
Hs_Modified_nucleosides_derived_from_tRNA_as_urinary_cancer_markers_WP4485_20250303,drawer_033
Hs_Modulation_of_PI3K-Akt-mTOR_signaling_by_bioactive_sphingolipids_WP5192_20240917,drawer_107
Hs_Modulators_of_TCR_signaling_and_T_cell_activation_WP5072_20250309,drawer_028
Hs_Molecular_pathway_for_oxidative_stress_WP5477_20241113,drawer_108
Hs_Monoamine_GPCRs_WP58_20250304,drawer_060
Hs_NAD+_biosynthetic_pathways_WP3645_20250307,drawer_028
Hs_NAD+_metabolism_WP3644_20250308,drawer_028
Hs_NAD_biosynthesis_II_from_tryptophan_WP2485_20250928,drawer_109
Hs_NAD_metabolism_in_oncogene-induced_senescence_and_mitochondrial_dysfunction-associated_senescence_WP5046_20250506,drawer_110
Hs_NF1_copy_number_variation_syndrome__WP5366_20240722,drawer_111
Hs_NO-cGMP-PKG_mediated_neuroprotection_WP4008_20250818,drawer_112
Hs_Nanoparticle-mediated_activation_of_receptor_signaling_WP2643_20250309,drawer_113
Hs_Neolacto_series_sphingolipid_metabolism_WP5302_20250719,drawer_066
Hs_Nephrotoxcicity_adverse_outcome_pathway_WP5229_20240723,drawer_083
Hs_Neural_crest_differentiation_WP2064_20250308,drawer_060
Hs_Neurotransmitter_disorders_WP4220_20240211,drawer_114
Hs_Nicotine_effect_on_dopaminergic_neurons_WP1602_20250827,drawer_028
Hs_Nicotine_metabolism_in_liver_cells_WP1600_20250209,drawer_028
Hs_Nifedipine_activity_WP259_20250910,drawer_115
Hs_Nonalcoholic_fatty_liver_disease_WP4396_20250507,drawer_067
Hs_Novel_intracellular_components_of_RIG-I-like_receptor_pathway_WP3865_20250303,drawer_067
Hs_Nuclear_receptors_in_lipid_metabolism_and_toxicity_WP299_20250306,drawer_116
Hs_Nucleotide-binding_oligomerization_domain_(NOD)_pathway_WP1433_20250304,drawer_117
Hs_Nucleotide_metabolism_WP404_20250809,drawer_118
Hs_Oligodendrocyte_development_WP5574_20251029,drawer_119
Hs_Omega-9_fatty_acid_synthesis_WP4724_20250708,drawer_033
Hs_One-carbon_metabolism_WP241_20250319,drawer_120
Hs_Opioid_receptor_pathways_WP5093_20260614,drawer_121
Hs_Osteoarthritic_chondrocyte_hypertrophy_WP5373_20250825,drawer_122
Hs_Overlap_between_signal_transduction_pathways_contributing_to_LMNA_laminopathies_WP4879_20240722,drawer_123
Hs_Overview_of_nanoparticle_effects_WP3287_20220226,drawer_002
Hs_Oxidative_stress_in_pulmonary_tissue_WP5482_20250705,drawer_108
Hs_PDGFR-beta_pathway_WP3972_20250227,drawer_028
Hs_PDGF_pathway_WP2526_20250929,drawer_124
Hs_PI3K-AKT-mTOR_-_vitamin_D3_signaling_WP4141_20250311,drawer_097
Hs_PTF1A_related_regulatory_pathway_WP4147_20170906,drawer_038
Hs_Parkin-ubiquitin_proteasomal_system_pathway_WP2359_20250310,drawer_028
Hs_Pathophysiological_roles_of_DUX4_in_FSHD1_WP5342_20250711,drawer_125
Hs_Pathways_affected_in_adenoid_cystic_carcinoma_WP3651_20250308,drawer_027
Hs_Pathways_of_nucleic_acid_metabolism_and_innate_immune_sensing_WP4705_20241221,drawer_033
Hs_Pentose_phosphate_metabolism_WP134_20250303,drawer_068
Hs_Peptide_GPCRs_WP24_20260701,drawer_060
Hs_Peroxisomal_beta-oxidation_of_tetracosanoyl-CoA_WP1941_20250629,drawer_126
Hs_Perturbations_to_host-cell_autophagy__induced_by_SARS-CoV-2_proteins_WP4936_20250827,drawer_085
Hs_Perturbed_thyroid_hormone_homeostasis_leading_to_developmental_neurotoxicity_WP5517_20250319,drawer_006
Hs_Phosphatidylcholine_catabolism_WP4195_20181112,drawer_033
Hs_Phosphoinositides_metabolism_WP4971_20251001,drawer_033
Hs_Physico-chemical_features_and_toxicity-associated_pathways_WP3680_20250828,drawer_027
Hs_Pleural_mesothelioma_WP5087_20250827,drawer_127
Hs_Polyol_pathway_WP690_20210518,drawer_011
Hs_Prader-Willi_and_Angelman_syndrome_WP3998_20250722,drawer_010
Hs_Proline_and_hydroxyproline_pathways_WP5026_20251103,drawer_033
Hs_Prostaglandin_and_leukotriene_metabolism_in_senescence__WP5122_20250714,drawer_128
Hs_Prostaglandin_synthesis_and_regulation_WP98_20250506,drawer_060
Hs_Protein_alkylation_leading_to_liver_fibrosis_WP3980_20230228,drawer_006
Hs_Proteoglycan_biosynthesis_WP4784_20250311,drawer_045
Hs_Proximal_tubule_transport_WP4917_20251014,drawer_006
Hs_Psoriasis_mechanism_and_therapies_WP5537_20251031,drawer_012
Hs_RAC1-PAK1-p38-MMP2_pathway_WP3303_20250303,drawer_028
Hs_ROS_in_COVID-19_endothelial_dysfunction_WP5258_20260322,drawer_129
Hs_Regulatory_circuits_of_STAT3_signaling_WP4538_20240522,drawer_006
Hs_Retinol_metabolism_WP5188_20230214,drawer_130
Hs_Rett_syndrome_WP4312_20240721,drawer_131
Hs_Role_of_carnosine_in_muscle_contraction_WP4486_20210623,drawer_033
Hs_Roles_of_ceramides_in_development_of_insulin_resistance_WP5181_20240723,drawer_132
Hs_SARS-CoV-2_mitochondrial_chronic_oxidative_stress_and_endothelial_dysfunction_WP5183_20240723,drawer_133
Hs_SHANK3_pathway_involved_in_Phelan-McDermid_syndrome_WP5566_20251104,drawer_134
Hs_SOX_genes_and_their_influence_on_neurogenesis_and_neurodevelopmental_disorders_WP5568_20250814,drawer_135
Hs_SRF_and_miRs_in_smooth_muscle_differentiation_and_proliferation_WP1991_20210522,drawer_082
Hs_STING_pathway_in_Kawasaki-like_disease_and_COVID-19_WP4961_20250311,drawer_028
Hs_Serine_metabolism_WP4688_20250819,drawer_136
Hs_Serotonin_receptor_4-6-7_and_NR3C_signaling_WP734_20250304,drawer_137
Hs_Sildenafil_treatment_WP5294_20250903,drawer_138
Hs_Sodium_channel_in_epilepsy_WP5598_20260210,drawer_071
Hs_Sphingolipid_metabolism_in_senescence_WP5121_20231128,drawer_139
Hs_Sphingolipid_metabolism_overview_WP4725_20250708,drawer_033
Hs_Statin_inhibition_of_cholesterol_production_WP430_20250303,drawer_060
Hs_Steroid_biosynthesis_WP496_20250304,drawer_009
Hs_Steroid_hormone_precursor_biosynthesis_WP5277_20240212,drawer_066
Hs_Steroidogenic_pathway_WP4463_20241009,drawer_033
Hs_Sterol_regulatory_element-binding_proteins_(SREBP)_signaling_WP1982_20250306,drawer_140
Hs_Sulfatase_and_aromatase_pathway_WP5368_20240722,drawer_141
Hs_T-cell_activation_SARS-CoV-2_WP5098_20260617,drawer_142
Hs_T-cell_antigen_receptor_(TCR)_pathway_during_Staphylococcus_aureus_infection_WP3863_20240118,drawer_027
Hs_TCA_cycle_in_senescence_WP5050_20230118,drawer_075
Hs_TNF-alpha_signaling_WP231_20250306,drawer_014
Hs_T_cell_receptor_and_co-stimulatory_signaling_WP2583_20250715,drawer_143
Hs_Tamoxifen_metabolism_WP691_20240802,drawer_011
Hs_Thermogenesis_WP4321_20250930,drawer_028
Hs_Thyroid_hormone_imbalance_leading_to_neurodevelopmental_abnormalities_WP5227_20240723,drawer_084
Hs_Thyroid_stimulating_hormone_(TSH)_signaling_WP2032_20250306,drawer_144
Hs_Trans-sulfuration_pathway_WP2333_20251202,drawer_145
Hs_Transcription_co-factors_SKI_and_SKIL_protein_partners_WP4533_20190225,drawer_038
Hs_Translation_inhibitors_in_chronically_activated_PDGFRA_cells_WP4566_20250303,drawer_028
Hs_Triacylglyceride_synthesis_WP325_20240514,drawer_146
Hs_Tryptophan_catabolism_leading_to_NAD+_production_WP4210_20180131,drawer_033
Hs_Tryptophan_kynurenine_pathway_in_post-COVID_syndrome_WP5549_20260319,drawer_147
Hs_Type_I_interferon_induction_and_signaling_during_SARS-CoV-2_infection_WP4868_20241030,drawer_067
Hs_Tyrosine_metabolism_and_related_disorders_WP4506_20240129,drawer_148
Hs_UDP-derived_sugars_synthesis_in_fibroblasts_WP5394_20240722,drawer_149
Hs_Unfolded_protein_response_WP4925_20240724,drawer_150
Hs_Urea_cycle_and_related_diseases_WP4571_20251018,drawer_031
Hs_Valproic_acid_pathway_WP3871_20250303,drawer_002
Hs_Visual_cycle_WP5534_20251031,drawer_012
Hs_Vitamin_A_and_carotenoid_metabolism_WP716_20250407,drawer_016
Hs_Vitamin_B12_disorders_WP4271_20250306,drawer_151
Hs_Vitamin_D_metabolism_WP1531_20260102,drawer_146
Hs_Vitamin_K_metabolism_and_activation_of_dependent_proteins_WP5186_20250308,drawer_152
Hs_White_fat_cell_differentiation_WP4149_20190917,drawer_038
Hs_mRNA__protein__and_metabolite_induced_stress_pathway_by_cyclosporin_A_WP3953_20250721,drawer_036
Hs_mRNA_vaccine_activation_of_dendritic_cell_and_induction_of_IFN-1_WP5187_20240316,drawer_153
Hs_miR-509-3p_alteration_of_YAP1-ECM_axis_WP3967_20250303,drawer_028
Hs_miRNA_regulation_of_p53_pathway_in_prostate_cancer_WP3982_20250303,drawer_028
Hs_miRNA_regulation_of_prostate_cancer_signaling_WP3981_20250224,drawer_028
Hs_miRNA_targets_in_ECM_and_membrane_receptors_WP2911_20250308,drawer_028
Hs_ncRNAs_in_Wnt_signaling_in_hepatocellular_carcinoma_WP4336_20250227,drawer_028
Hs_p38_MAPK_signaling_WP400_20250303,drawer_116
