corpus,layout,routes,term,d,dirs,L,median_q
hs,hand,stored,length,0.005,8,fit,0.000
hs,hand,stored,length,0.005,8,median,0.000
hs,hand,stored,length,0.005,8,rsqrt,0.000
hs,hand,stored,length,0.005,16,fit,0.000
hs,hand,stored,length,0.005,16,median,0.000
hs,hand,stored,length,0.005,16,rsqrt,0.000
hs,hand,stored,length,0.005,32,fit,0.000
hs,hand,stored,length,0.005,32,median,0.000
hs,hand,stored,length,0.005,32,rsqrt,0.000
hs,hand,stored,length,0.005,64,fit,0.000
hs,hand,stored,length,0.005,64,median,0.000
hs,hand,stored,length,0.005,64,rsqrt,0.000
hs,hand,stored,length,0.01,8,fit,0.000
hs,hand,stored,length,0.01,8,median,0.027
hs,hand,stored,length,0.01,8,rsqrt,0.000
hs,hand,stored,length,0.01,16,fit,0.000
hs,hand,stored,length,0.01,16,median,0.026
hs,hand,stored,length,0.01,16,rsqrt,0.000
hs,hand,stored,length,0.01,32,fit,0.000
hs,hand,stored,length,0.01,32,median,0.000
hs,hand,stored,length,0.01,32,rsqrt,0.000
hs,hand,stored,length,0.01,64,fit,0.000
hs,hand,stored,length,0.01,64,median,0.000
hs,hand,stored,length,0.01,64,rsqrt,0.000
hs,hand,stored,length,0.02,8,fit,0.000
hs,hand,stored,length,0.02,8,median,0.037
hs,hand,stored,length,0.02,8,rsqrt,0.000
hs,hand,stored,length,0.02,16,fit,0.000
hs,hand,stored,length,0.02,16,median,0.032
hs,hand,stored,length,0.02,16,rsqrt,0.000
hs,hand,stored,length,0.02,32,fit,0.000
hs,hand,stored,length,0.02,32,median,0.031
hs,hand,stored,length,0.02,32,rsqrt,0.000
hs,hand,stored,length,0.02,64,fit,0.000
hs,hand,stored,length,0.02,64,median,0.029
hs,hand,stored,length,0.02,64,rsqrt,0.000
hs,hand,stored,length,0.05,8,fit,0.000
hs,hand,stored,length,0.05,8,median,0.075
hs,hand,stored,length,0.05,8,rsqrt,0.000
hs,hand,stored,length,0.05,16,fit,0.000
hs,hand,stored,length,0.05,16,median,0.059
hs,hand,stored,length,0.05,16,rsqrt,0.000
hs,hand,stored,length,0.05,32,fit,0.000
hs,hand,stored,length,0.05,32,median,0.053
hs,hand,stored,length,0.05,32,rsqrt,0.000
hs,hand,stored,length,0.05,64,fit,0.000
hs,hand,stored,length,0.05,64,median,0.050
hs,hand,stored,length,0.05,64,rsqrt,0.000
hs,hand,stored,stress,0.005,8,fit,0.000
hs,hand,stored,stress,0.005,8,median,0.000
hs,hand,stored,stress,0.005,8,rsqrt,0.000
hs,hand,stored,stress,0.005,16,fit,0.000
hs,hand,stored,stress,0.005,16,median,0.000
hs,hand,stored,stress,0.005,16,rsqrt,0.000
hs,hand,stored,stress,0.005,32,fit,0.000
hs,hand,stored,stress,0.005,32,median,0.000
hs,hand,stored,stress,0.005,32,rsqrt,0.000
hs,hand,stored,stress,0.005,64,fit,0.000
hs,hand,stored,stress,0.005,64,median,0.000
hs,hand,stored,stress,0.005,64,rsqrt,0.000
hs,hand,stored,stress,0.01,8,fit,0.000
hs,hand,stored,stress,0.01,8,median,0.000
hs,hand,stored,stress,0.01,8,rsqrt,0.000
hs,hand,stored,stress,0.01,16,fit,0.000
hs,hand,stored,stress,0.01,16,median,0.000
hs,hand,stored,stress,0.01,16,rsqrt,0.000
hs,hand,stored,stress,0.01,32,fit,0.000
hs,hand,stored,stress,0.01,32,median,0.000
hs,hand,stored,stress,0.01,32,rsqrt,0.000
hs,hand,stored,stress,0.01,64,fit,0.000
hs,hand,stored,stress,0.01,64,median,0.000
hs,hand,stored,stress,0.01,64,rsqrt,0.000
hs,hand,stored,stress,0.02,8,fit,0.000
hs,hand,stored,stress,0.02,8,median,0.000
hs,hand,stored,stress,0.02,8,rsqrt,0.000
hs,hand,stored,stress,0.02,16,fit,0.000
hs,hand,stored,stress,0.02,16,median,0.000
hs,hand,stored,stress,0.02,16,rsqrt,0.000
hs,hand,stored,stress,0.02,32,fit,0.000
hs,hand,stored,stress,0.02,32,median,0.000
hs,hand,stored,stress,0.02,32,rsqrt,0.000
hs,hand,stored,stress,0.02,64,fit,0.000
hs,hand,stored,stress,0.02,64,median,0.000
hs,hand,stored,stress,0.02,64,rsqrt,0.000
hs,hand,stored,stress,0.05,8,fit,0.000
hs,hand,stored,stress,0.05,8,median,0.000
hs,hand,stored,stress,0.05,8,rsqrt,0.000
hs,hand,stored,stress,0.05,16,fit,0.000
hs,hand,stored,stress,0.05,16,median,0.000
hs,hand,stored,stress,0.05,16,rsqrt,0.000
hs,hand,stored,stress,0.05,32,fit,0.000
hs,hand,stored,stress,0.05,32,median,0.000
hs,hand,stored,stress,0.05,32,rsqrt,0.000
hs,hand,stored,stress,0.05,64,fit,0.000
hs,hand,stored,stress,0.05,64,median,0.000
hs,hand,stored,stress,0.05,64,rsqrt,0.000
hs,hand,stored,A1,0.005,8,fit,0.583
hs,hand,stored,A1,0.005,16,fit,0.522
hs,hand,stored,A1,0.005,32,fit,0.452
hs,hand,stored,A1,0.005,64,fit,0.406
hs,hand,stored,A1,0.01,8,fit,0.588
hs,hand,stored,A1,0.01,16,fit,0.538
hs,hand,stored,A1,0.01,32,fit,0.483
hs,hand,stored,A1,0.01,64,fit,0.412
hs,hand,stored,A1,0.02,8,fit,0.579
hs,hand,stored,A1,0.02,16,fit,0.520
hs,hand,stored,A1,0.02,32,fit,0.467
hs,hand,stored,A1,0.02,64,fit,0.391
hs,hand,stored,A1,0.05,8,fit,0.500
hs,hand,stored,A1,0.05,16,fit,0.436
hs,hand,stored,A1,0.05,32,fit,0.375
hs,hand,stored,A1,0.05,64,fit,0.286
hs,hand,chords,length,0.005,8,fit,0.000
hs,hand,chords,length,0.005,8,median,0.000
hs,hand,chords,length,0.005,8,rsqrt,0.000
hs,hand,chords,length,0.005,16,fit,0.000
hs,hand,chords,length,0.005,16,median,0.000
hs,hand,chords,length,0.005,16,rsqrt,0.000
hs,hand,chords,length,0.005,32,fit,0.000
hs,hand,chords,length,0.005,32,median,0.000
hs,hand,chords,length,0.005,32,rsqrt,0.000
hs,hand,chords,length,0.005,64,fit,0.000
hs,hand,chords,length,0.005,64,median,0.000
hs,hand,chords,length,0.005,64,rsqrt,0.000
hs,hand,chords,length,0.01,8,fit,0.000
hs,hand,chords,length,0.01,8,median,0.027
hs,hand,chords,length,0.01,8,rsqrt,0.000
hs,hand,chords,length,0.01,16,fit,0.000
hs,hand,chords,length,0.01,16,median,0.026
hs,hand,chords,length,0.01,16,rsqrt,0.000
hs,hand,chords,length,0.01,32,fit,0.000
hs,hand,chords,length,0.01,32,median,0.000
hs,hand,chords,length,0.01,32,rsqrt,0.000
hs,hand,chords,length,0.01,64,fit,0.000
hs,hand,chords,length,0.01,64,median,0.000
hs,hand,chords,length,0.01,64,rsqrt,0.000
hs,hand,chords,length,0.02,8,fit,0.000
hs,hand,chords,length,0.02,8,median,0.037
hs,hand,chords,length,0.02,8,rsqrt,0.000
hs,hand,chords,length,0.02,16,fit,0.000
hs,hand,chords,length,0.02,16,median,0.032
hs,hand,chords,length,0.02,16,rsqrt,0.000
hs,hand,chords,length,0.02,32,fit,0.000
hs,hand,chords,length,0.02,32,median,0.031
hs,hand,chords,length,0.02,32,rsqrt,0.000
hs,hand,chords,length,0.02,64,fit,0.000
hs,hand,chords,length,0.02,64,median,0.029
hs,hand,chords,length,0.02,64,rsqrt,0.000
hs,hand,chords,length,0.05,8,fit,0.000
hs,hand,chords,length,0.05,8,median,0.075
hs,hand,chords,length,0.05,8,rsqrt,0.000
hs,hand,chords,length,0.05,16,fit,0.000
hs,hand,chords,length,0.05,16,median,0.059
hs,hand,chords,length,0.05,16,rsqrt,0.000
hs,hand,chords,length,0.05,32,fit,0.000
hs,hand,chords,length,0.05,32,median,0.053
hs,hand,chords,length,0.05,32,rsqrt,0.000
hs,hand,chords,length,0.05,64,fit,0.000
hs,hand,chords,length,0.05,64,median,0.050
hs,hand,chords,length,0.05,64,rsqrt,0.000
hs,hand,chords,stress,0.005,8,fit,0.000
hs,hand,chords,stress,0.005,8,median,0.000
hs,hand,chords,stress,0.005,8,rsqrt,0.000
hs,hand,chords,stress,0.005,16,fit,0.000
hs,hand,chords,stress,0.005,16,median,0.000
hs,hand,chords,stress,0.005,16,rsqrt,0.000
hs,hand,chords,stress,0.005,32,fit,0.000
hs,hand,chords,stress,0.005,32,median,0.000
hs,hand,chords,stress,0.005,32,rsqrt,0.000
hs,hand,chords,stress,0.005,64,fit,0.000
hs,hand,chords,stress,0.005,64,median,0.000
hs,hand,chords,stress,0.005,64,rsqrt,0.000
hs,hand,chords,stress,0.01,8,fit,0.000
hs,hand,chords,stress,0.01,8,median,0.000
hs,hand,chords,stress,0.01,8,rsqrt,0.000
hs,hand,chords,stress,0.01,16,fit,0.000
hs,hand,chords,stress,0.01,16,median,0.000
hs,hand,chords,stress,0.01,16,rsqrt,0.000
hs,hand,chords,stress,0.01,32,fit,0.000
hs,hand,chords,stress,0.01,32,median,0.000
hs,hand,chords,stress,0.01,32,rsqrt,0.000
hs,hand,chords,stress,0.01,64,fit,0.000
hs,hand,chords,stress,0.01,64,median,0.000
hs,hand,chords,stress,0.01,64,rsqrt,0.000
hs,hand,chords,stress,0.02,8,fit,0.000
hs,hand,chords,stress,0.02,8,median,0.000
hs,hand,chords,stress,0.02,8,rsqrt,0.000
hs,hand,chords,stress,0.02,16,fit,0.000
hs,hand,chords,stress,0.02,16,median,0.000
hs,hand,chords,stress,0.02,16,rsqrt,0.000
hs,hand,chords,stress,0.02,32,fit,0.000
hs,hand,chords,stress,0.02,32,median,0.000
hs,hand,chords,stress,0.02,32,rsqrt,0.000
hs,hand,chords,stress,0.02,64,fit,0.000
hs,hand,chords,stress,0.02,64,median,0.000
hs,hand,chords,stress,0.02,64,rsqrt,0.000
hs,hand,chords,stress,0.05,8,fit,0.000
hs,hand,chords,stress,0.05,8,median,0.000
hs,hand,chords,stress,0.05,8,rsqrt,0.000
hs,hand,chords,stress,0.05,16,fit,0.000
hs,hand,chords,stress,0.05,16,median,0.000
hs,hand,chords,stress,0.05,16,rsqrt,0.000
hs,hand,chords,stress,0.05,32,fit,0.000
hs,hand,chords,stress,0.05,32,median,0.000
hs,hand,chords,stress,0.05,32,rsqrt,0.000
hs,hand,chords,stress,0.05,64,fit,0.000
hs,hand,chords,stress,0.05,64,median,0.000
hs,hand,chords,stress,0.05,64,rsqrt,0.000
hs,hand,chords,A1,0.005,8,fit,0.583
hs,hand,chords,A1,0.005,16,fit,0.522
hs,hand,chords,A1,0.005,32,fit,0.452
hs,hand,chords,A1,0.005,64,fit,0.406
hs,hand,chords,A1,0.01,8,fit,0.588
hs,hand,chords,A1,0.01,16,fit,0.538
hs,hand,chords,A1,0.01,32,fit,0.483
hs,hand,chords,A1,0.01,64,fit,0.412
hs,hand,chords,A1,0.02,8,fit,0.579
hs,hand,chords,A1,0.02,16,fit,0.520
hs,hand,chords,A1,0.02,32,fit,0.467
hs,hand,chords,A1,0.02,64,fit,0.391
hs,hand,chords,A1,0.05,8,fit,0.500
hs,hand,chords,A1,0.05,16,fit,0.436
hs,hand,chords,A1,0.05,32,fit,0.375
hs,hand,chords,A1,0.05,64,fit,0.286
hs,neato,stored,length,0.005,8,fit,0.054
hs,neato,stored,length,0.005,8,median,0.071
hs,neato,stored,length,0.005,8,rsqrt,0.000
hs,neato,stored,length,0.005,16,fit,0.042
hs,neato,stored,length,0.005,16,median,0.065
hs,neato,stored,length,0.005,16,rsqrt,0.000
hs,neato,stored,length,0.005,32,fit,0.033
hs,neato,stored,length,0.005,32,median,0.062
hs,neato,stored,length,0.005,32,rsqrt,0.000
hs,neato,stored,length,0.005,64,fit,0.031
hs,neato,stored,length,0.005,64,median,0.059
hs,neato,stored,length,0.005,64,rsqrt,0.000
hs,neato,stored,length,0.01,8,fit,0.130
hs,neato,stored,length,0.01,8,median,0.167
hs,neato,stored,length,0.01,8,rsqrt,0.000
hs,neato,stored,length,0.01,16,fit,0.115
hs,neato,stored,length,0.01,16,median,0.133
hs,neato,stored,length,0.01,16,rsqrt,0.000
hs,neato,stored,length,0.01,32,fit,0.100
hs,neato,stored,length,0.01,32,median,0.125
hs,neato,stored,length,0.01,32,rsqrt,0.000
hs,neato,stored,length,0.01,64,fit,0.091
hs,neato,stored,length,0.01,64,median,0.125
hs,neato,stored,length,0.01,64,rsqrt,0.000
hs,neato,stored,length,0.02,8,fit,0.294
hs,neato,stored,length,0.02,8,median,0.321
hs,neato,stored,length,0.02,8,rsqrt,0.000
hs,neato,stored,length,0.02,16,fit,0.235
hs,neato,stored,length,0.02,16,median,0.261
hs,neato,stored,length,0.02,16,rsqrt,0.000
hs,neato,stored,length,0.02,32,fit,0.200
hs,neato,stored,length,0.02,32,median,0.233
hs,neato,stored,length,0.02,32,rsqrt,0.000
hs,neato,stored,length,0.02,64,fit,0.200
hs,neato,stored,length,0.02,64,median,0.212
hs,neato,stored,length,0.02,64,rsqrt,0.000
hs,neato,stored,length,0.05,8,fit,0.622
hs,neato,stored,length,0.05,8,median,0.625
hs,neato,stored,length,0.05,8,rsqrt,0.034
hs,neato,stored,length,0.05,16,fit,0.471
hs,neato,stored,length,0.05,16,median,0.500
hs,neato,stored,length,0.05,16,rsqrt,0.026
hs,neato,stored,length,0.05,32,fit,0.405
hs,neato,stored,length,0.05,32,median,0.424
hs,neato,stored,length,0.05,32,rsqrt,0.026
hs,neato,stored,length,0.05,64,fit,0.375
hs,neato,stored,length,0.05,64,median,0.400
hs,neato,stored,length,0.05,64,rsqrt,0.026
hs,neato,stored,stress,0.005,8,fit,0.929
hs,neato,stored,stress,0.005,8,median,0.000
hs,neato,stored,stress,0.005,8,rsqrt,0.000
hs,neato,stored,stress,0.005,16,fit,0.905
hs,neato,stored,stress,0.005,16,median,0.000
hs,neato,stored,stress,0.005,16,rsqrt,0.000
hs,neato,stored,stress,0.005,32,fit,0.900
hs,neato,stored,stress,0.005,32,median,0.000
hs,neato,stored,stress,0.005,32,rsqrt,0.000
hs,neato,stored,stress,0.005,64,fit,0.900
hs,neato,stored,stress,0.005,64,median,0.000
hs,neato,stored,stress,0.005,64,rsqrt,0.000
hs,neato,stored,stress,0.01,8,fit,0.969
hs,neato,stored,stress,0.01,8,median,0.038
hs,neato,stored,stress,0.01,8,rsqrt,0.000
hs,neato,stored,stress,0.01,16,fit,0.958
hs,neato,stored,stress,0.01,16,median,0.037
hs,neato,stored,stress,0.01,16,rsqrt,0.000
hs,neato,stored,stress,0.01,32,fit,0.955
hs,neato,stored,stress,0.01,32,median,0.037
hs,neato,stored,stress,0.01,32,rsqrt,0.000
hs,neato,stored,stress,0.01,64,fit,0.950
hs,neato,stored,stress,0.01,64,median,0.037
hs,neato,stored,stress,0.01,64,rsqrt,0.000
hs,neato,stored,stress,0.02,8,fit,1.000
hs,neato,stored,stress,0.02,8,median,0.067
hs,neato,stored,stress,0.02,8,rsqrt,0.000
hs,neato,stored,stress,0.02,16,fit,1.000
hs,neato,stored,stress,0.02,16,median,0.067
hs,neato,stored,stress,0.02,16,rsqrt,0.000
hs,neato,stored,stress,0.02,32,fit,1.000
hs,neato,stored,stress,0.02,32,median,0.067
hs,neato,stored,stress,0.02,32,rsqrt,0.000
hs,neato,stored,stress,0.02,64,fit,1.000
hs,neato,stored,stress,0.02,64,median,0.067
hs,neato,stored,stress,0.02,64,rsqrt,0.000
hs,neato,stored,stress,0.05,8,fit,1.000
hs,neato,stored,stress,0.05,8,median,0.208
hs,neato,stored,stress,0.05,8,rsqrt,0.030
hs,neato,stored,stress,0.05,16,fit,1.000
hs,neato,stored,stress,0.05,16,median,0.200
hs,neato,stored,stress,0.05,16,rsqrt,0.029
hs,neato,stored,stress,0.05,32,fit,1.000
hs,neato,stored,stress,0.05,32,median,0.200
hs,neato,stored,stress,0.05,32,rsqrt,0.029
hs,neato,stored,stress,0.05,64,fit,1.000
hs,neato,stored,stress,0.05,64,median,0.200
hs,neato,stored,stress,0.05,64,rsqrt,0.029
hs,neato,stored,A1,0.005,8,fit,0.067
hs,neato,stored,A1,0.005,16,fit,0.038
hs,neato,stored,A1,0.005,32,fit,0.000
hs,neato,stored,A1,0.005,64,fit,0.000
hs,neato,stored,A1,0.01,8,fit,0.097
hs,neato,stored,A1,0.01,16,fit,0.051
hs,neato,stored,A1,0.01,32,fit,0.000
hs,neato,stored,A1,0.01,64,fit,0.000
hs,neato,stored,A1,0.02,8,fit,0.111
hs,neato,stored,A1,0.02,16,fit,0.062
hs,neato,stored,A1,0.02,32,fit,0.032
hs,neato,stored,A1,0.02,64,fit,0.000
hs,neato,stored,A1,0.05,8,fit,0.111
hs,neato,stored,A1,0.05,16,fit,0.059
hs,neato,stored,A1,0.05,32,fit,0.045
hs,neato,stored,A1,0.05,64,fit,0.028
sbgn,hand,stored,length,0.005,8,fit,0.000
sbgn,hand,stored,length,0.005,8,median,0.029
sbgn,hand,stored,length,0.005,8,rsqrt,0.000
sbgn,hand,stored,length,0.005,16,fit,0.000
sbgn,hand,stored,length,0.005,16,median,0.029
sbgn,hand,stored,length,0.005,16,rsqrt,0.000
sbgn,hand,stored,length,0.005,32,fit,0.000
sbgn,hand,stored,length,0.005,32,median,0.028
sbgn,hand,stored,length,0.005,32,rsqrt,0.000
sbgn,hand,stored,length,0.005,64,fit,0.000
sbgn,hand,stored,length,0.005,64,median,0.028
sbgn,hand,stored,length,0.005,64,rsqrt,0.000
sbgn,hand,stored,length,0.01,8,fit,0.000
sbgn,hand,stored,length,0.01,8,median,0.032
sbgn,hand,stored,length,0.01,8,rsqrt,0.000
sbgn,hand,stored,length,0.01,16,fit,0.000
sbgn,hand,stored,length,0.01,16,median,0.031
sbgn,hand,stored,length,0.01,16,rsqrt,0.000
sbgn,hand,stored,length,0.01,32,fit,0.000
sbgn,hand,stored,length,0.01,32,median,0.029
sbgn,hand,stored,length,0.01,32,rsqrt,0.000
sbgn,hand,stored,length,0.01,64,fit,0.000
sbgn,hand,stored,length,0.01,64,median,0.029
sbgn,hand,stored,length,0.01,64,rsqrt,0.000
sbgn,hand,stored,length,0.02,8,fit,0.000
sbgn,hand,stored,length,0.02,8,median,0.050
sbgn,hand,stored,length,0.02,8,rsqrt,0.000
sbgn,hand,stored,length,0.02,16,fit,0.000
sbgn,hand,stored,length,0.02,16,median,0.042
sbgn,hand,stored,length,0.02,16,rsqrt,0.000
sbgn,hand,stored,length,0.02,32,fit,0.000
sbgn,hand,stored,length,0.02,32,median,0.038
sbgn,hand,stored,length,0.02,32,rsqrt,0.000
sbgn,hand,stored,length,0.02,64,fit,0.000
sbgn,hand,stored,length,0.02,64,median,0.035
sbgn,hand,stored,length,0.02,64,rsqrt,0.000
sbgn,hand,stored,length,0.05,8,fit,0.000
sbgn,hand,stored,length,0.05,8,median,0.120
sbgn,hand,stored,length,0.05,8,rsqrt,0.000
sbgn,hand,stored,length,0.05,16,fit,0.000
sbgn,hand,stored,length,0.05,16,median,0.087
sbgn,hand,stored,length,0.05,16,rsqrt,0.000
sbgn,hand,stored,length,0.05,32,fit,0.000
sbgn,hand,stored,length,0.05,32,median,0.074
sbgn,hand,stored,length,0.05,32,rsqrt,0.000
sbgn,hand,stored,length,0.05,64,fit,0.000
sbgn,hand,stored,length,0.05,64,median,0.065
sbgn,hand,stored,length,0.05,64,rsqrt,0.000
sbgn,hand,stored,stress,0.005,8,fit,0.000
sbgn,hand,stored,stress,0.005,8,median,0.000
sbgn,hand,stored,stress,0.005,8,rsqrt,0.000
sbgn,hand,stored,stress,0.005,16,fit,0.000
sbgn,hand,stored,stress,0.005,16,median,0.000
sbgn,hand,stored,stress,0.005,16,rsqrt,0.000
sbgn,hand,stored,stress,0.005,32,fit,0.000
sbgn,hand,stored,stress,0.005,32,median,0.000
sbgn,hand,stored,stress,0.005,32,rsqrt,0.000
sbgn,hand,stored,stress,0.005,64,fit,0.000
sbgn,hand,stored,stress,0.005,64,median,0.000
sbgn,hand,stored,stress,0.005,64,rsqrt,0.000
sbgn,hand,stored,stress,0.01,8,fit,0.000
sbgn,hand,stored,stress,0.01,8,median,0.000
sbgn,hand,stored,stress,0.01,8,rsqrt,0.000
sbgn,hand,stored,stress,0.01,16,fit,0.000
sbgn,hand,stored,stress,0.01,16,median,0.000
sbgn,hand,stored,stress,0.01,16,rsqrt,0.000
sbgn,hand,stored,stress,0.01,32,fit,0.000
sbgn,hand,stored,stress,0.01,32,median,0.000
sbgn,hand,stored,stress,0.01,32,rsqrt,0.000
sbgn,hand,stored,stress,0.01,64,fit,0.000
sbgn,hand,stored,stress,0.01,64,median,0.000
sbgn,hand,stored,stress,0.01,64,rsqrt,0.000
sbgn,hand,stored,stress,0.02,8,fit,0.000
sbgn,hand,stored,stress,0.02,8,median,0.000
sbgn,hand,stored,stress,0.02,8,rsqrt,0.000
sbgn,hand,stored,stress,0.02,16,fit,0.000
sbgn,hand,stored,stress,0.02,16,median,0.000
sbgn,hand,stored,stress,0.02,16,rsqrt,0.000
sbgn,hand,stored,stress,0.02,32,fit,0.000
sbgn,hand,stored,stress,0.02,32,median,0.000
sbgn,hand,stored,stress,0.02,32,rsqrt,0.000
sbgn,hand,stored,stress,0.02,64,fit,0.000
sbgn,hand,stored,stress,0.02,64,median,0.000
sbgn,hand,stored,stress,0.02,64,rsqrt,0.000
sbgn,hand,stored,stress,0.05,8,fit,0.000
sbgn,hand,stored,stress,0.05,8,median,0.000
sbgn,hand,stored,stress,0.05,8,rsqrt,0.000
sbgn,hand,stored,stress,0.05,16,fit,0.000
sbgn,hand,stored,stress,0.05,16,median,0.000
sbgn,hand,stored,stress,0.05,16,rsqrt,0.000
sbgn,hand,stored,stress,0.05,32,fit,0.000
sbgn,hand,stored,stress,0.05,32,median,0.000
sbgn,hand,stored,stress,0.05,32,rsqrt,0.000
sbgn,hand,stored,stress,0.05,64,fit,0.000
sbgn,hand,stored,stress,0.05,64,median,0.000
sbgn,hand,stored,stress,0.05,64,rsqrt,0.000
sbgn,hand,stored,A1,0.005,8,fit,0.197
sbgn,hand,stored,A1,0.005,16,fit,0.121
sbgn,hand,stored,A1,0.005,32,fit,0.066
sbgn,hand,stored,A1,0.005,64,fit,0.059
sbgn,hand,stored,A1,0.01,8,fit,0.278
sbgn,hand,stored,A1,0.01,16,fit,0.167
sbgn,hand,stored,A1,0.01,32,fit,0.100
sbgn,hand,stored,A1,0.01,64,fit,0.061
sbgn,hand,stored,A1,0.02,8,fit,0.314
sbgn,hand,stored,A1,0.02,16,fit,0.208
sbgn,hand,stored,A1,0.02,32,fit,0.136
sbgn,hand,stored,A1,0.02,64,fit,0.074
sbgn,hand,stored,A1,0.05,8,fit,0.277
sbgn,hand,stored,A1,0.05,16,fit,0.194
sbgn,hand,stored,A1,0.05,32,fit,0.125
sbgn,hand,stored,A1,0.05,64,fit,0.068
sbgn,hand,chords,length,0.005,8,fit,0.000
sbgn,hand,chords,length,0.005,8,median,0.029
sbgn,hand,chords,length,0.005,8,rsqrt,0.000
sbgn,hand,chords,length,0.005,16,fit,0.000
sbgn,hand,chords,length,0.005,16,median,0.029
sbgn,hand,chords,length,0.005,16,rsqrt,0.000
sbgn,hand,chords,length,0.005,32,fit,0.000
sbgn,hand,chords,length,0.005,32,median,0.028
sbgn,hand,chords,length,0.005,32,rsqrt,0.000
sbgn,hand,chords,length,0.005,64,fit,0.000
sbgn,hand,chords,length,0.005,64,median,0.028
sbgn,hand,chords,length,0.005,64,rsqrt,0.000
sbgn,hand,chords,length,0.01,8,fit,0.000
sbgn,hand,chords,length,0.01,8,median,0.032
sbgn,hand,chords,length,0.01,8,rsqrt,0.000
sbgn,hand,chords,length,0.01,16,fit,0.000
sbgn,hand,chords,length,0.01,16,median,0.031
sbgn,hand,chords,length,0.01,16,rsqrt,0.000
sbgn,hand,chords,length,0.01,32,fit,0.000
sbgn,hand,chords,length,0.01,32,median,0.029
sbgn,hand,chords,length,0.01,32,rsqrt,0.000
sbgn,hand,chords,length,0.01,64,fit,0.000
sbgn,hand,chords,length,0.01,64,median,0.029
sbgn,hand,chords,length,0.01,64,rsqrt,0.000
sbgn,hand,chords,length,0.02,8,fit,0.000
sbgn,hand,chords,length,0.02,8,median,0.050
sbgn,hand,chords,length,0.02,8,rsqrt,0.000
sbgn,hand,chords,length,0.02,16,fit,0.000
sbgn,hand,chords,length,0.02,16,median,0.042
sbgn,hand,chords,length,0.02,16,rsqrt,0.000
sbgn,hand,chords,length,0.02,32,fit,0.000
sbgn,hand,chords,length,0.02,32,median,0.038
sbgn,hand,chords,length,0.02,32,rsqrt,0.000
sbgn,hand,chords,length,0.02,64,fit,0.000
sbgn,hand,chords,length,0.02,64,median,0.035
sbgn,hand,chords,length,0.02,64,rsqrt,0.000
sbgn,hand,chords,length,0.05,8,fit,0.000
sbgn,hand,chords,length,0.05,8,median,0.120
sbgn,hand,chords,length,0.05,8,rsqrt,0.000
sbgn,hand,chords,length,0.05,16,fit,0.000
sbgn,hand,chords,length,0.05,16,median,0.087
sbgn,hand,chords,length,0.05,16,rsqrt,0.000
sbgn,hand,chords,length,0.05,32,fit,0.000
sbgn,hand,chords,length,0.05,32,median,0.074
sbgn,hand,chords,length,0.05,32,rsqrt,0.000
sbgn,hand,chords,length,0.05,64,fit,0.000
sbgn,hand,chords,length,0.05,64,median,0.065
sbgn,hand,chords,length,0.05,64,rsqrt,0.000
sbgn,hand,chords,stress,0.005,8,fit,0.000
sbgn,hand,chords,stress,0.005,8,median,0.000
sbgn,hand,chords,stress,0.005,8,rsqrt,0.000
sbgn,hand,chords,stress,0.005,16,fit,0.000
sbgn,hand,chords,stress,0.005,16,median,0.000
sbgn,hand,chords,stress,0.005,16,rsqrt,0.000
sbgn,hand,chords,stress,0.005,32,fit,0.000
sbgn,hand,chords,stress,0.005,32,median,0.000
sbgn,hand,chords,stress,0.005,32,rsqrt,0.000
sbgn,hand,chords,stress,0.005,64,fit,0.000
sbgn,hand,chords,stress,0.005,64,median,0.000
sbgn,hand,chords,stress,0.005,64,rsqrt,0.000
sbgn,hand,chords,stress,0.01,8,fit,0.000
sbgn,hand,chords,stress,0.01,8,median,0.000
sbgn,hand,chords,stress,0.01,8,rsqrt,0.000
sbgn,hand,chords,stress,0.01,16,fit,0.000
sbgn,hand,chords,stress,0.01,16,median,0.000
sbgn,hand,chords,stress,0.01,16,rsqrt,0.000
sbgn,hand,chords,stress,0.01,32,fit,0.000
sbgn,hand,chords,stress,0.01,32,median,0.000
sbgn,hand,chords,stress,0.01,32,rsqrt,0.000
sbgn,hand,chords,stress,0.01,64,fit,0.000
sbgn,hand,chords,stress,0.01,64,median,0.000
sbgn,hand,chords,stress,0.01,64,rsqrt,0.000
sbgn,hand,chords,stress,0.02,8,fit,0.000
sbgn,hand,chords,stress,0.02,8,median,0.000
sbgn,hand,chords,stress,0.02,8,rsqrt,0.000
sbgn,hand,chords,stress,0.02,16,fit,0.000
sbgn,hand,chords,stress,0.02,16,median,0.000
sbgn,hand,chords,stress,0.02,16,rsqrt,0.000
sbgn,hand,chords,stress,0.02,32,fit,0.000
sbgn,hand,chords,stress,0.02,32,median,0.000
sbgn,hand,chords,stress,0.02,32,rsqrt,0.000
sbgn,hand,chords,stress,0.02,64,fit,0.000
sbgn,hand,chords,stress,0.02,64,median,0.000
sbgn,hand,chords,stress,0.02,64,rsqrt,0.000
sbgn,hand,chords,stress,0.05,8,fit,0.000
sbgn,hand,chords,stress,0.05,8,median,0.000
sbgn,hand,chords,stress,0.05,8,rsqrt,0.000
sbgn,hand,chords,stress,0.05,16,fit,0.000
sbgn,hand,chords,stress,0.05,16,median,0.000
sbgn,hand,chords,stress,0.05,16,rsqrt,0.000
sbgn,hand,chords,stress,0.05,32,fit,0.000
sbgn,hand,chords,stress,0.05,32,median,0.000
sbgn,hand,chords,stress,0.05,32,rsqrt,0.000
sbgn,hand,chords,stress,0.05,64,fit,0.000
sbgn,hand,chords,stress,0.05,64,median,0.000
sbgn,hand,chords,stress,0.05,64,rsqrt,0.000
sbgn,hand,chords,A1,0.005,8,fit,0.197
sbgn,hand,chords,A1,0.005,16,fit,0.121
sbgn,hand,chords,A1,0.005,32,fit,0.066
sbgn,hand,chords,A1,0.005,64,fit,0.059
sbgn,hand,chords,A1,0.01,8,fit,0.278
sbgn,hand,chords,A1,0.01,16,fit,0.167
sbgn,hand,chords,A1,0.01,32,fit,0.100
sbgn,hand,chords,A1,0.01,64,fit,0.061
sbgn,hand,chords,A1,0.02,8,fit,0.314
sbgn,hand,chords,A1,0.02,16,fit,0.208
sbgn,hand,chords,A1,0.02,32,fit,0.136
sbgn,hand,chords,A1,0.02,64,fit,0.074
sbgn,hand,chords,A1,0.05,8,fit,0.277
sbgn,hand,chords,A1,0.05,16,fit,0.194
sbgn,hand,chords,A1,0.05,32,fit,0.125
sbgn,hand,chords,A1,0.05,64,fit,0.068
sbgn,neato,stored,length,0.005,8,fit,0.098
sbgn,neato,stored,length,0.005,8,median,0.127
sbgn,neato,stored,length,0.005,8,rsqrt,0.000
sbgn,neato,stored,length,0.005,16,fit,0.074
sbgn,neato,stored,length,0.005,16,median,0.113
sbgn,neato,stored,length,0.005,16,rsqrt,0.000
sbgn,neato,stored,length,0.005,32,fit,0.066
sbgn,neato,stored,length,0.005,32,median,0.100
sbgn,neato,stored,length,0.005,32,rsqrt,0.000
sbgn,neato,stored,length,0.005,64,fit,0.062
sbgn,neato,stored,length,0.005,64,median,0.091
sbgn,neato,stored,length,0.005,64,rsqrt,0.000
sbgn,neato,stored,length,0.01,8,fit,0.235
sbgn,neato,stored,length,0.01,8,median,0.294
sbgn,neato,stored,length,0.01,8,rsqrt,0.000
sbgn,neato,stored,length,0.01,16,fit,0.191
sbgn,neato,stored,length,0.01,16,median,0.227
sbgn,neato,stored,length,0.01,16,rsqrt,0.000
sbgn,neato,stored,length,0.01,32,fit,0.176
sbgn,neato,stored,length,0.01,32,median,0.200
sbgn,neato,stored,length,0.01,32,rsqrt,0.000
sbgn,neato,stored,length,0.01,64,fit,0.164
sbgn,neato,stored,length,0.01,64,median,0.194
sbgn,neato,stored,length,0.01,64,rsqrt,0.000
sbgn,neato,stored,length,0.02,8,fit,0.467
sbgn,neato,stored,length,0.02,8,median,0.516
sbgn,neato,stored,length,0.02,8,rsqrt,0.000
sbgn,neato,stored,length,0.02,16,fit,0.354
sbgn,neato,stored,length,0.02,16,median,0.407
sbgn,neato,stored,length,0.02,16,rsqrt,0.000
sbgn,neato,stored,length,0.02,32,fit,0.315
sbgn,neato,stored,length,0.02,32,median,0.342
sbgn,neato,stored,length,0.02,32,rsqrt,0.000
sbgn,neato,stored,length,0.02,64,fit,0.286
sbgn,neato,stored,length,0.02,64,median,0.324
sbgn,neato,stored,length,0.02,64,rsqrt,0.000
sbgn,neato,stored,length,0.05,8,fit,0.734
sbgn,neato,stored,length,0.05,8,median,0.750
sbgn,neato,stored,length,0.05,8,rsqrt,0.037
sbgn,neato,stored,length,0.05,16,fit,0.579
sbgn,neato,stored,length,0.05,16,median,0.615
sbgn,neato,stored,length,0.05,16,rsqrt,0.032
sbgn,neato,stored,length,0.05,32,fit,0.492
sbgn,neato,stored,length,0.05,32,median,0.536
sbgn,neato,stored,length,0.05,32,rsqrt,0.032
sbgn,neato,stored,length,0.05,64,fit,0.440
sbgn,neato,stored,length,0.05,64,median,0.479
sbgn,neato,stored,length,0.05,64,rsqrt,0.032
sbgn,neato,stored,stress,0.005,8,fit,0.967
sbgn,neato,stored,stress,0.005,8,median,0.000
sbgn,neato,stored,stress,0.005,8,rsqrt,0.000
sbgn,neato,stored,stress,0.005,16,fit,0.957
sbgn,neato,stored,stress,0.005,16,median,0.000
sbgn,neato,stored,stress,0.005,16,rsqrt,0.000
sbgn,neato,stored,stress,0.005,32,fit,0.955
sbgn,neato,stored,stress,0.005,32,median,0.000
sbgn,neato,stored,stress,0.005,32,rsqrt,0.000
sbgn,neato,stored,stress,0.005,64,fit,0.951
sbgn,neato,stored,stress,0.005,64,median,0.000
sbgn,neato,stored,stress,0.005,64,rsqrt,0.000
sbgn,neato,stored,stress,0.01,8,fit,1.000
sbgn,neato,stored,stress,0.01,8,median,0.035
sbgn,neato,stored,stress,0.01,8,rsqrt,0.000
sbgn,neato,stored,stress,0.01,16,fit,1.000
sbgn,neato,stored,stress,0.01,16,median,0.034
sbgn,neato,stored,stress,0.01,16,rsqrt,0.000
sbgn,neato,stored,stress,0.01,32,fit,1.000
sbgn,neato,stored,stress,0.01,32,median,0.034
sbgn,neato,stored,stress,0.01,32,rsqrt,0.000
sbgn,neato,stored,stress,0.01,64,fit,1.000
sbgn,neato,stored,stress,0.01,64,median,0.034
sbgn,neato,stored,stress,0.01,64,rsqrt,0.000
sbgn,neato,stored,stress,0.02,8,fit,1.000
sbgn,neato,stored,stress,0.02,8,median,0.087
sbgn,neato,stored,stress,0.02,8,rsqrt,0.000
sbgn,neato,stored,stress,0.02,16,fit,1.000
sbgn,neato,stored,stress,0.02,16,median,0.082
sbgn,neato,stored,stress,0.02,16,rsqrt,0.000
sbgn,neato,stored,stress,0.02,32,fit,1.000
sbgn,neato,stored,stress,0.02,32,median,0.080
sbgn,neato,stored,stress,0.02,32,rsqrt,0.000
sbgn,neato,stored,stress,0.02,64,fit,1.000
sbgn,neato,stored,stress,0.02,64,median,0.079
sbgn,neato,stored,stress,0.02,64,rsqrt,0.000
sbgn,neato,stored,stress,0.05,8,fit,1.000
sbgn,neato,stored,stress,0.05,8,median,0.267
sbgn,neato,stored,stress,0.05,8,rsqrt,0.000
sbgn,neato,stored,stress,0.05,16,fit,1.000
sbgn,neato,stored,stress,0.05,16,median,0.261
sbgn,neato,stored,stress,0.05,16,rsqrt,0.000
sbgn,neato,stored,stress,0.05,32,fit,1.000
sbgn,neato,stored,stress,0.05,32,median,0.254
sbgn,neato,stored,stress,0.05,32,rsqrt,0.000
sbgn,neato,stored,stress,0.05,64,fit,1.000
sbgn,neato,stored,stress,0.05,64,median,0.254
sbgn,neato,stored,stress,0.05,64,rsqrt,0.000
sbgn,neato,stored,A1,0.005,8,fit,0.065
sbgn,neato,stored,A1,0.005,16,fit,0.032
sbgn,neato,stored,A1,0.005,32,fit,0.000
sbgn,neato,stored,A1,0.005,64,fit,0.000
sbgn,neato,stored,A1,0.01,8,fit,0.100
sbgn,neato,stored,A1,0.01,16,fit,0.052
sbgn,neato,stored,A1,0.01,32,fit,0.000
sbgn,neato,stored,A1,0.01,64,fit,0.000
sbgn,neato,stored,A1,0.02,8,fit,0.125
sbgn,neato,stored,A1,0.02,16,fit,0.059
sbgn,neato,stored,A1,0.02,32,fit,0.034
sbgn,neato,stored,A1,0.02,64,fit,0.000
sbgn,neato,stored,A1,0.05,8,fit,0.125
sbgn,neato,stored,A1,0.05,16,fit,0.067
sbgn,neato,stored,A1,0.05,32,fit,0.048
sbgn,neato,stored,A1,0.05,64,fit,0.029
bpmn,hand,stored,length,0.005,8,fit,0.000
bpmn,hand,stored,length,0.005,8,median,0.000
bpmn,hand,stored,length,0.005,8,rsqrt,0.000
bpmn,hand,stored,length,0.005,16,fit,0.000
bpmn,hand,stored,length,0.005,16,median,0.000
bpmn,hand,stored,length,0.005,16,rsqrt,0.000
bpmn,hand,stored,length,0.005,32,fit,0.000
bpmn,hand,stored,length,0.005,32,median,0.000
bpmn,hand,stored,length,0.005,32,rsqrt,0.000
bpmn,hand,stored,length,0.005,64,fit,0.000
bpmn,hand,stored,length,0.005,64,median,0.000
bpmn,hand,stored,length,0.005,64,rsqrt,0.000
bpmn,hand,stored,length,0.01,8,fit,0.000
bpmn,hand,stored,length,0.01,8,median,0.000
bpmn,hand,stored,length,0.01,8,rsqrt,0.000
bpmn,hand,stored,length,0.01,16,fit,0.000
bpmn,hand,stored,length,0.01,16,median,0.000
bpmn,hand,stored,length,0.01,16,rsqrt,0.000
bpmn,hand,stored,length,0.01,32,fit,0.000
bpmn,hand,stored,length,0.01,32,median,0.000
bpmn,hand,stored,length,0.01,32,rsqrt,0.000
bpmn,hand,stored,length,0.01,64,fit,0.000
bpmn,hand,stored,length,0.01,64,median,0.000
bpmn,hand,stored,length,0.01,64,rsqrt,0.000
bpmn,hand,stored,length,0.02,8,fit,0.000
bpmn,hand,stored,length,0.02,8,median,0.058
bpmn,hand,stored,length,0.02,8,rsqrt,0.000
bpmn,hand,stored,length,0.02,16,fit,0.000
bpmn,hand,stored,length,0.02,16,median,0.048
bpmn,hand,stored,length,0.02,16,rsqrt,0.000
bpmn,hand,stored,length,0.02,32,fit,0.000
bpmn,hand,stored,length,0.02,32,median,0.042
bpmn,hand,stored,length,0.02,32,rsqrt,0.000
bpmn,hand,stored,length,0.02,64,fit,0.000
bpmn,hand,stored,length,0.02,64,median,0.042
bpmn,hand,stored,length,0.02,64,rsqrt,0.000
bpmn,hand,stored,length,0.05,8,fit,0.000
bpmn,hand,stored,length,0.05,8,median,0.173
bpmn,hand,stored,length,0.05,8,rsqrt,0.000
bpmn,hand,stored,length,0.05,16,fit,0.000
bpmn,hand,stored,length,0.05,16,median,0.133
bpmn,hand,stored,length,0.05,16,rsqrt,0.000
bpmn,hand,stored,length,0.05,32,fit,0.000
bpmn,hand,stored,length,0.05,32,median,0.122
bpmn,hand,stored,length,0.05,32,rsqrt,0.000
bpmn,hand,stored,length,0.05,64,fit,0.000
bpmn,hand,stored,length,0.05,64,median,0.118
bpmn,hand,stored,length,0.05,64,rsqrt,0.000
bpmn,hand,stored,stress,0.005,8,fit,0.000
bpmn,hand,stored,stress,0.005,8,median,0.000
bpmn,hand,stored,stress,0.005,8,rsqrt,0.000
bpmn,hand,stored,stress,0.005,16,fit,0.000
bpmn,hand,stored,stress,0.005,16,median,0.000
bpmn,hand,stored,stress,0.005,16,rsqrt,0.000
bpmn,hand,stored,stress,0.005,32,fit,0.000
bpmn,hand,stored,stress,0.005,32,median,0.000
bpmn,hand,stored,stress,0.005,32,rsqrt,0.000
bpmn,hand,stored,stress,0.005,64,fit,0.000
bpmn,hand,stored,stress,0.005,64,median,0.000
bpmn,hand,stored,stress,0.005,64,rsqrt,0.000
bpmn,hand,stored,stress,0.01,8,fit,0.000
bpmn,hand,stored,stress,0.01,8,median,0.000
bpmn,hand,stored,stress,0.01,8,rsqrt,0.000
bpmn,hand,stored,stress,0.01,16,fit,0.000
bpmn,hand,stored,stress,0.01,16,median,0.000
bpmn,hand,stored,stress,0.01,16,rsqrt,0.000
bpmn,hand,stored,stress,0.01,32,fit,0.000
bpmn,hand,stored,stress,0.01,32,median,0.000
bpmn,hand,stored,stress,0.01,32,rsqrt,0.000
bpmn,hand,stored,stress,0.01,64,fit,0.000
bpmn,hand,stored,stress,0.01,64,median,0.000
bpmn,hand,stored,stress,0.01,64,rsqrt,0.000
bpmn,hand,stored,stress,0.02,8,fit,0.000
bpmn,hand,stored,stress,0.02,8,median,0.000
bpmn,hand,stored,stress,0.02,8,rsqrt,0.000
bpmn,hand,stored,stress,0.02,16,fit,0.000
bpmn,hand,stored,stress,0.02,16,median,0.000
bpmn,hand,stored,stress,0.02,16,rsqrt,0.000
bpmn,hand,stored,stress,0.02,32,fit,0.000
bpmn,hand,stored,stress,0.02,32,median,0.000
bpmn,hand,stored,stress,0.02,32,rsqrt,0.000
bpmn,hand,stored,stress,0.02,64,fit,0.000
bpmn,hand,stored,stress,0.02,64,median,0.000
bpmn,hand,stored,stress,0.02,64,rsqrt,0.000
bpmn,hand,stored,stress,0.05,8,fit,0.000
bpmn,hand,stored,stress,0.05,8,median,0.047
bpmn,hand,stored,stress,0.05,8,rsqrt,0.000
bpmn,hand,stored,stress,0.05,16,fit,0.000
bpmn,hand,stored,stress,0.05,16,median,0.041
bpmn,hand,stored,stress,0.05,16,rsqrt,0.000
bpmn,hand,stored,stress,0.05,32,fit,0.000
bpmn,hand,stored,stress,0.05,32,median,0.040
bpmn,hand,stored,stress,0.05,32,rsqrt,0.000
bpmn,hand,stored,stress,0.05,64,fit,0.000
bpmn,hand,stored,stress,0.05,64,median,0.039
bpmn,hand,stored,stress,0.05,64,rsqrt,0.000
bpmn,hand,stored,A1,0.005,8,fit,0.918
bpmn,hand,stored,A1,0.005,16,fit,0.896
bpmn,hand,stored,A1,0.005,32,fit,0.875
bpmn,hand,stored,A1,0.005,64,fit,0.838
bpmn,hand,stored,A1,0.01,8,fit,0.930
bpmn,hand,stored,A1,0.01,16,fit,0.914
bpmn,hand,stored,A1,0.01,32,fit,0.886
bpmn,hand,stored,A1,0.01,64,fit,0.860
bpmn,hand,stored,A1,0.02,8,fit,0.925
bpmn,hand,stored,A1,0.02,16,fit,0.912
bpmn,hand,stored,A1,0.02,32,fit,0.897
bpmn,hand,stored,A1,0.02,64,fit,0.864
bpmn,hand,stored,A1,0.05,8,fit,0.929
bpmn,hand,stored,A1,0.05,16,fit,0.871
bpmn,hand,stored,A1,0.05,32,fit,0.833
bpmn,hand,stored,A1,0.05,64,fit,0.800
bpmn,hand,chords,length,0.005,8,fit,0.000
bpmn,hand,chords,length,0.005,8,median,0.000
bpmn,hand,chords,length,0.005,8,rsqrt,0.000
bpmn,hand,chords,length,0.005,16,fit,0.000
bpmn,hand,chords,length,0.005,16,median,0.000
bpmn,hand,chords,length,0.005,16,rsqrt,0.000
bpmn,hand,chords,length,0.005,32,fit,0.000
bpmn,hand,chords,length,0.005,32,median,0.000
bpmn,hand,chords,length,0.005,32,rsqrt,0.000
bpmn,hand,chords,length,0.005,64,fit,0.000
bpmn,hand,chords,length,0.005,64,median,0.000
bpmn,hand,chords,length,0.005,64,rsqrt,0.000
bpmn,hand,chords,length,0.01,8,fit,0.000
bpmn,hand,chords,length,0.01,8,median,0.000
bpmn,hand,chords,length,0.01,8,rsqrt,0.000
bpmn,hand,chords,length,0.01,16,fit,0.000
bpmn,hand,chords,length,0.01,16,median,0.000
bpmn,hand,chords,length,0.01,16,rsqrt,0.000
bpmn,hand,chords,length,0.01,32,fit,0.000
bpmn,hand,chords,length,0.01,32,median,0.000
bpmn,hand,chords,length,0.01,32,rsqrt,0.000
bpmn,hand,chords,length,0.01,64,fit,0.000
bpmn,hand,chords,length,0.01,64,median,0.000
bpmn,hand,chords,length,0.01,64,rsqrt,0.000
bpmn,hand,chords,length,0.02,8,fit,0.000
bpmn,hand,chords,length,0.02,8,median,0.058
bpmn,hand,chords,length,0.02,8,rsqrt,0.000
bpmn,hand,chords,length,0.02,16,fit,0.000
bpmn,hand,chords,length,0.02,16,median,0.048
bpmn,hand,chords,length,0.02,16,rsqrt,0.000
bpmn,hand,chords,length,0.02,32,fit,0.000
bpmn,hand,chords,length,0.02,32,median,0.042
bpmn,hand,chords,length,0.02,32,rsqrt,0.000
bpmn,hand,chords,length,0.02,64,fit,0.000
bpmn,hand,chords,length,0.02,64,median,0.042
bpmn,hand,chords,length,0.02,64,rsqrt,0.000
bpmn,hand,chords,length,0.05,8,fit,0.000
bpmn,hand,chords,length,0.05,8,median,0.173
bpmn,hand,chords,length,0.05,8,rsqrt,0.000
bpmn,hand,chords,length,0.05,16,fit,0.000
bpmn,hand,chords,length,0.05,16,median,0.133
bpmn,hand,chords,length,0.05,16,rsqrt,0.000
bpmn,hand,chords,length,0.05,32,fit,0.000
bpmn,hand,chords,length,0.05,32,median,0.122
bpmn,hand,chords,length,0.05,32,rsqrt,0.000
bpmn,hand,chords,length,0.05,64,fit,0.000
bpmn,hand,chords,length,0.05,64,median,0.118
bpmn,hand,chords,length,0.05,64,rsqrt,0.000
bpmn,hand,chords,stress,0.005,8,fit,0.000
bpmn,hand,chords,stress,0.005,8,median,0.000
bpmn,hand,chords,stress,0.005,8,rsqrt,0.000
bpmn,hand,chords,stress,0.005,16,fit,0.000
bpmn,hand,chords,stress,0.005,16,median,0.000
bpmn,hand,chords,stress,0.005,16,rsqrt,0.000
bpmn,hand,chords,stress,0.005,32,fit,0.000
bpmn,hand,chords,stress,0.005,32,median,0.000
bpmn,hand,chords,stress,0.005,32,rsqrt,0.000
bpmn,hand,chords,stress,0.005,64,fit,0.000
bpmn,hand,chords,stress,0.005,64,median,0.000
bpmn,hand,chords,stress,0.005,64,rsqrt,0.000
bpmn,hand,chords,stress,0.01,8,fit,0.000
bpmn,hand,chords,stress,0.01,8,median,0.000
bpmn,hand,chords,stress,0.01,8,rsqrt,0.000
bpmn,hand,chords,stress,0.01,16,fit,0.000
bpmn,hand,chords,stress,0.01,16,median,0.000
bpmn,hand,chords,stress,0.01,16,rsqrt,0.000
bpmn,hand,chords,stress,0.01,32,fit,0.000
bpmn,hand,chords,stress,0.01,32,median,0.000
bpmn,hand,chords,stress,0.01,32,rsqrt,0.000
bpmn,hand,chords,stress,0.01,64,fit,0.000
bpmn,hand,chords,stress,0.01,64,median,0.000
bpmn,hand,chords,stress,0.01,64,rsqrt,0.000
bpmn,hand,chords,stress,0.02,8,fit,0.000
bpmn,hand,chords,stress,0.02,8,median,0.000
bpmn,hand,chords,stress,0.02,8,rsqrt,0.000
bpmn,hand,chords,stress,0.02,16,fit,0.000
bpmn,hand,chords,stress,0.02,16,median,0.000
bpmn,hand,chords,stress,0.02,16,rsqrt,0.000
bpmn,hand,chords,stress,0.02,32,fit,0.000
bpmn,hand,chords,stress,0.02,32,median,0.000
bpmn,hand,chords,stress,0.02,32,rsqrt,0.000
bpmn,hand,chords,stress,0.02,64,fit,0.000
bpmn,hand,chords,stress,0.02,64,median,0.000
bpmn,hand,chords,stress,0.02,64,rsqrt,0.000
bpmn,hand,chords,stress,0.05,8,fit,0.000
bpmn,hand,chords,stress,0.05,8,median,0.047
bpmn,hand,chords,stress,0.05,8,rsqrt,0.000
bpmn,hand,chords,stress,0.05,16,fit,0.000
bpmn,hand,chords,stress,0.05,16,median,0.041
bpmn,hand,chords,stress,0.05,16,rsqrt,0.000
bpmn,hand,chords,stress,0.05,32,fit,0.000
bpmn,hand,chords,stress,0.05,32,median,0.040
bpmn,hand,chords,stress,0.05,32,rsqrt,0.000
bpmn,hand,chords,stress,0.05,64,fit,0.000
bpmn,hand,chords,stress,0.05,64,median,0.039
bpmn,hand,chords,stress,0.05,64,rsqrt,0.000
bpmn,hand,chords,A1,0.005,8,fit,0.918
bpmn,hand,chords,A1,0.005,16,fit,0.896
bpmn,hand,chords,A1,0.005,32,fit,0.875
bpmn,hand,chords,A1,0.005,64,fit,0.838
bpmn,hand,chords,A1,0.01,8,fit,0.930
bpmn,hand,chords,A1,0.01,16,fit,0.914
bpmn,hand,chords,A1,0.01,32,fit,0.886
bpmn,hand,chords,A1,0.01,64,fit,0.860
bpmn,hand,chords,A1,0.02,8,fit,0.925
bpmn,hand,chords,A1,0.02,16,fit,0.912
bpmn,hand,chords,A1,0.02,32,fit,0.897
bpmn,hand,chords,A1,0.02,64,fit,0.864
bpmn,hand,chords,A1,0.05,8,fit,0.929
bpmn,hand,chords,A1,0.05,16,fit,0.871
bpmn,hand,chords,A1,0.05,32,fit,0.833
bpmn,hand,chords,A1,0.05,64,fit,0.800
bpmn,neato,stored,length,0.005,8,fit,0.105
bpmn,neato,stored,length,0.005,8,median,0.125
bpmn,neato,stored,length,0.005,8,rsqrt,0.000
bpmn,neato,stored,length,0.005,16,fit,0.077
bpmn,neato,stored,length,0.005,16,median,0.098
bpmn,neato,stored,length,0.005,16,rsqrt,0.000
bpmn,neato,stored,length,0.005,32,fit,0.067
bpmn,neato,stored,length,0.005,32,median,0.089
bpmn,neato,stored,length,0.005,32,rsqrt,0.000
bpmn,neato,stored,length,0.005,64,fit,0.067
bpmn,neato,stored,length,0.005,64,median,0.086
bpmn,neato,stored,length,0.005,64,rsqrt,0.000
bpmn,neato,stored,length,0.01,8,fit,0.268
bpmn,neato,stored,length,0.01,8,median,0.306
bpmn,neato,stored,length,0.01,8,rsqrt,0.000
bpmn,neato,stored,length,0.01,16,fit,0.222
bpmn,neato,stored,length,0.01,16,median,0.250
bpmn,neato,stored,length,0.01,16,rsqrt,0.000
bpmn,neato,stored,length,0.01,32,fit,0.200
bpmn,neato,stored,length,0.01,32,median,0.224
bpmn,neato,stored,length,0.01,32,rsqrt,0.000
bpmn,neato,stored,length,0.01,64,fit,0.190
bpmn,neato,stored,length,0.01,64,median,0.208
bpmn,neato,stored,length,0.01,64,rsqrt,0.000
bpmn,neato,stored,length,0.02,8,fit,0.500
bpmn,neato,stored,length,0.02,8,median,0.529
bpmn,neato,stored,length,0.02,8,rsqrt,0.000
bpmn,neato,stored,length,0.02,16,fit,0.417
bpmn,neato,stored,length,0.02,16,median,0.455
bpmn,neato,stored,length,0.02,16,rsqrt,0.000
bpmn,neato,stored,length,0.02,32,fit,0.353
bpmn,neato,stored,length,0.02,32,median,0.400
bpmn,neato,stored,length,0.02,32,rsqrt,0.000
bpmn,neato,stored,length,0.02,64,fit,0.350
bpmn,neato,stored,length,0.02,64,median,0.393
bpmn,neato,stored,length,0.02,64,rsqrt,0.000
bpmn,neato,stored,length,0.05,8,fit,0.812
bpmn,neato,stored,length,0.05,8,median,0.812
bpmn,neato,stored,length,0.05,8,rsqrt,0.000
bpmn,neato,stored,length,0.05,16,fit,0.725
bpmn,neato,stored,length,0.05,16,median,0.726
bpmn,neato,stored,length,0.05,16,rsqrt,0.000
bpmn,neato,stored,length,0.05,32,fit,0.652
bpmn,neato,stored,length,0.05,32,median,0.658
bpmn,neato,stored,length,0.05,32,rsqrt,0.000
bpmn,neato,stored,length,0.05,64,fit,0.620
bpmn,neato,stored,length,0.05,64,median,0.627
bpmn,neato,stored,length,0.05,64,rsqrt,0.000
bpmn,neato,stored,stress,0.005,8,fit,0.953
bpmn,neato,stored,stress,0.005,8,median,0.000
bpmn,neato,stored,stress,0.005,8,rsqrt,0.000
bpmn,neato,stored,stress,0.005,16,fit,0.941
bpmn,neato,stored,stress,0.005,16,median,0.000
bpmn,neato,stored,stress,0.005,16,rsqrt,0.000
bpmn,neato,stored,stress,0.005,32,fit,0.933
bpmn,neato,stored,stress,0.005,32,median,0.000
bpmn,neato,stored,stress,0.005,32,rsqrt,0.000
bpmn,neato,stored,stress,0.005,64,fit,0.933
bpmn,neato,stored,stress,0.005,64,median,0.000
bpmn,neato,stored,stress,0.005,64,rsqrt,0.000
bpmn,neato,stored,stress,0.01,8,fit,1.000
bpmn,neato,stored,stress,0.01,8,median,0.051
bpmn,neato,stored,stress,0.01,8,rsqrt,0.000
bpmn,neato,stored,stress,0.01,16,fit,0.969
bpmn,neato,stored,stress,0.01,16,median,0.050
bpmn,neato,stored,stress,0.01,16,rsqrt,0.000
bpmn,neato,stored,stress,0.01,32,fit,0.962
bpmn,neato,stored,stress,0.01,32,median,0.050
bpmn,neato,stored,stress,0.01,32,rsqrt,0.000
bpmn,neato,stored,stress,0.01,64,fit,0.961
bpmn,neato,stored,stress,0.01,64,median,0.050
bpmn,neato,stored,stress,0.01,64,rsqrt,0.000
bpmn,neato,stored,stress,0.02,8,fit,1.000
bpmn,neato,stored,stress,0.02,8,median,0.125
bpmn,neato,stored,stress,0.02,8,rsqrt,0.000
bpmn,neato,stored,stress,0.02,16,fit,1.000
bpmn,neato,stored,stress,0.02,16,median,0.118
bpmn,neato,stored,stress,0.02,16,rsqrt,0.000
bpmn,neato,stored,stress,0.02,32,fit,1.000
bpmn,neato,stored,stress,0.02,32,median,0.111
bpmn,neato,stored,stress,0.02,32,rsqrt,0.000
bpmn,neato,stored,stress,0.02,64,fit,1.000
bpmn,neato,stored,stress,0.02,64,median,0.111
bpmn,neato,stored,stress,0.02,64,rsqrt,0.000
bpmn,neato,stored,stress,0.05,8,fit,1.000
bpmn,neato,stored,stress,0.05,8,median,0.382
bpmn,neato,stored,stress,0.05,8,rsqrt,0.000
bpmn,neato,stored,stress,0.05,16,fit,1.000
bpmn,neato,stored,stress,0.05,16,median,0.350
bpmn,neato,stored,stress,0.05,16,rsqrt,0.000
bpmn,neato,stored,stress,0.05,32,fit,1.000
bpmn,neato,stored,stress,0.05,32,median,0.345
bpmn,neato,stored,stress,0.05,32,rsqrt,0.000
bpmn,neato,stored,stress,0.05,64,fit,1.000
bpmn,neato,stored,stress,0.05,64,median,0.345
bpmn,neato,stored,stress,0.05,64,rsqrt,0.000
bpmn,neato,stored,A1,0.005,8,fit,0.062
bpmn,neato,stored,A1,0.005,16,fit,0.031
bpmn,neato,stored,A1,0.005,32,fit,0.000
bpmn,neato,stored,A1,0.005,64,fit,0.000
bpmn,neato,stored,A1,0.01,8,fit,0.101
bpmn,neato,stored,A1,0.01,16,fit,0.050
bpmn,neato,stored,A1,0.01,32,fit,0.000
bpmn,neato,stored,A1,0.01,64,fit,0.000
bpmn,neato,stored,A1,0.02,8,fit,0.118
bpmn,neato,stored,A1,0.02,16,fit,0.062
bpmn,neato,stored,A1,0.02,32,fit,0.030
bpmn,neato,stored,A1,0.02,64,fit,0.000
bpmn,neato,stored,A1,0.05,8,fit,0.105
bpmn,neato,stored,A1,0.05,16,fit,0.067
bpmn,neato,stored,A1,0.05,32,fit,0.038
bpmn,neato,stored,A1,0.05,64,fit,0.000
